{
    "metrics": {
        "iteration_duration": {
            "avg": 1005.413547914351,
            "min": 1000.6309,
            "med": 1004.57805,
            "max": 1025.5688,
            "p(90)": 1009.09715,
            "p(95)": 1011.3629999999999
        },
        "http_req_blocked": {
            "min": 0,
            "med": 0,
            "max": 6.6715,
            "p(90)": 0,
            "p(95)": 0,
            "avg": 0.012348921319796952
        },
        "http_req_receiving": {
            "med": 0,
            "max": 10.014,
            "p(90)": 0,
            "p(95)": 0.5371,
            "avg": 0.08346213515228441,
            "min": 0
        },
        "http_req_failed": {
            "passes": 84,
            "fails": 12524,
            "thresholds": {
                "rate<0.01": false
            },
            "value": 0.00666243654822335
        },
        "vus_max": {
            "value": 20,
            "min": 20,
            "max": 20
        },
        "data_received": {
            "count": 23433974,
            "rate": 129445.13328455233
        },
        "http_reqs": {
            "count": 12608,
            "rate": 69.64436507660356
        },
        "http_req_waiting": {
            "avg": 1.0053266894035542,
            "min": 0,
            "med": 0.86275,
            "max": 11.5557,
            "p(90)": 1.8701,
            "p(95)": 2.4707
        },
        "iterations": {
            "count": 3596,
            "rate": 19.863668846404376
        },
        "http_req_duration": {
            "avg": 1.1031736913071044,
            "min": 0,
            "med": 1.0031500000000002,
            "max": 17.1003,
            "p(90)": 2.0212,
            "p(95)": 2.678814999999999,
            "thresholds": {
                "p(95)<800": false,
                "p(99)<1500": false
            }
        },
        "vus": {
            "value": 9,
            "min": 9,
            "max": 20
        },
        "http_req_tls_handshaking": {
            "med": 0,
            "max": 0,
            "p(90)": 0,
            "p(95)": 0,
            "avg": 0,
            "min": 0
        },
        "data_sent": {
            "count": 2856246,
            "rate": 15777.398411531456
        },
        "checks": {
            "passes": 25008,
            "fails": 168,
            "thresholds": {
                "rate>0.99": false
            },
            "value": 0.9933269780743565
        },
        "http_req_duration{expected_response:true}": {
            "p(90)": 2.01169,
            "p(95)": 2.6477549999999965,
            "avg": 1.095089116895558,
            "min": 0,
            "med": 1.0027,
            "max": 17.1003
        },
        "http_req_connecting": {
            "avg": 0.008388761104060916,
            "min": 0,
            "med": 0,
            "max": 6.6715,
            "p(90)": 0,
            "p(95)": 0
        },
        "http_req_sending": {
            "avg": 0.014384866751269041,
            "min": 0,
            "med": 0,
            "max": 6.916,
            "p(90)": 0,
            "p(95)": 0
        }
    },
    "setup_data": {
        "token": "eyJ0eXAiOiJKV1QiLCJhbGciOiJIUzI1NiJ9.eyJpZCI6MSwiYWNjb3VudCI6InVzZXJAZXhhbXBsZS5jb20iLCJleHAiOjE3NzczMDAwNjQwMTR9.JrFsIeUHaIknW4NmYhT-TtwAgOXYA0l9LBDCoxdMO_Y",
        "baseUrl": "http://127.0.0.1:8080/api",
        "seed": {
            "addressId": 1,
            "productIds": [
                170,
                169,
                168,
                167,
                166,
                165,
                164,
                163,
                162,
                161,
                160,
                159,
                158,
                157,
                156,
                155,
                154,
                153,
                152,
                151
            ]
        }
    },
    "root_group": {
        "name": "",
        "path": "",
        "id": "d41d8cd98f00b204e9800998ecf8427e",
        "groups": {
            "setup": {
                "name": "setup",
                "path": "::setup",
                "id": "5c0f8025f7e0b6654089e5b00e950f1a",
                "groups": {},
                "checks": {
                        "login status is 200": {
                            "name": "login status is 200",
                            "path": "::setup::login status is 200",
                            "id": "bb27b460b057923f4a083e3603c038b9",
                            "passes": 1,
                            "fails": 0
                        },
                        "login business success": {
                            "fails": 0,
                            "name": "login business success",
                            "path": "::setup::login business success",
                            "id": "699c6a584582cdbea3d6e8eb244e8592",
                            "passes": 1
                        },
                        "seed products status is 200": {
                            "name": "seed products status is 200",
                            "path": "::setup::seed products status is 200",
                            "id": "1c362e23da2b97a9a73818eba6117bf2",
                            "passes": 1,
                            "fails": 0
                        },
                        "seed products business success": {
                            "path": "::setup::seed products business success",
                            "id": "1ee24690e753c8cada63393d4a455fcf",
                            "passes": 1,
                            "fails": 0,
                            "name": "seed products business success"
                        },
                        "seed addresses status is 200": {
                            "passes": 1,
                            "fails": 0,
                            "name": "seed addresses status is 200",
                            "path": "::setup::seed addresses status is 200",
                            "id": "863817c2cf6091a0334bfea6f6ca5c78"
                        },
                        "seed addresses business success": {
                            "path": "::setup::seed addresses business success",
                            "id": "71ebabd9d8bf13266c5eb0ac062a5148",
                            "passes": 1,
                            "fails": 0,
                            "name": "seed addresses business success"
                        }
                    }
            }
        },
        "checks": {
            "get categories status is 200": {
                "name": "get categories status is 200",
                "path": "::get categories status is 200",
                "id": "a0a55fca6d36fb13b90fd35ca903f3bc",
                "passes": 3596,
                "fails": 0
            },
            "get categories business success": {
                "name": "get categories business success",
                "path": "::get categories business success",
                "id": "cf1727fbf1a57498fb1ce4b062f231e2",
                "passes": 3596,
                "fails": 0
            },
            "get products status is 200": {
                "name": "get products status is 200",
                "path": "::get products status is 200",
                "id": "b4bf059c5bbf8dcf3e5db904ea442b6b",
                "passes": 3596,
                "fails": 0
            },
            "get products business success": {
                "passes": 3596,
                "fails": 0,
                "name": "get products business success",
                "path": "::get products business success",
                "id": "8a65737351da855e23f532438a94f65b"
            },
            "get product detail status is 200": {
                "path": "::get product detail status is 200",
                "id": "b29122fca3098ebb7169563944abf6e6",
                "passes": 3512,
                "fails": 84,